{
	"format_version": "1.8.0",
	"animations": {
		"animation.keeperofthedeep.idle": {
			"loop": true,
			"animation_length": 3.2917,
			"bones": {
				"head": {
					"rotation": {
						"0.0": {
							"vector": [0, 0, 0]
						},
						"0.7917": {
							"vector": [0, 22.5, 0],
							"easing": "easeInOutSine"
						},
						"2.0": {
							"vector": [0, -22.5, 0]
						},
						"3.125": {
							"vector": [0, 0, 0]
						}
					},
					"position": {
						"vector": [0, 0, 0]
					}
				},
				"leftarmupper": {
					"rotation": {
						"vector": [-85, 0, 0]
					}
				},
				"rightarmupper": {
					"rotation": {
						"0.0": {
							"vector": [0, 0, 0]
						},
						"1.125": {
							"vector": [0, 0, 10]
						},
						"2.0833": {
							"vector": [0, 0, 0],
							"easing": "linear"
						}
					}
				},
				"leftarmlower": {
					"rotation": {
						"vector": [-86.52808, -0.57189, -1.88664]
					}
				},
				"rightarmlower": {
					"rotation": {
						"0.0": {
							"vector": [0, 0, 0]
						},
						"1.125": {
							"vector": [0, 0, 10]
						},
						"2.0833": {
							"vector": [0, 0, 0]
						}
					}
				},
				"spikedhammer": {
					"rotation": {
						"vector": [-84.92327, -9.96156, -0.88045]
					},
					"position": {
						"vector": [-3, 0, 0]
					}
				}
			}
		},
		"animation.keeperofthedeep.walk": {
			"loop": true,
			"animation_length": 4.0417,
			"bones": {
				"rightleglower": {
					"rotation": {
						"0.0": {
							"vector": [0, 0, 0]
						},
						"0.25": {
							"vector": [-22.5, 0, 0]
						},
						"0.5": {
							"vector": [0, 0, 0]
						},
						"0.75": {
							"vector": [22.5, 0, 0]
						},
						"1.0": {
							"vector": [0, 0, 0]
						},
						"1.25": {
							"vector": [-22.5, 0, 0]
						},
						"1.5": {
							"vector": [0, 0, 0]
						},
						"1.75": {
							"vector": [22.5, 0, 0]
						},
						"2.0": {
							"vector": [0, 0, 0]
						},
						"2.25": {
							"vector": [-22.5, 0, 0]
						},
						"2.5": {
							"vector": [0, 0, 0]
						},
						"2.75": {
							"vector": [22.5, 0, 0]
						},
						"3.0": {
							"vector": [0, 0, 0]
						},
						"3.25": {
							"vector": [-22.5, 0, 0]
						},
						"3.5": {
							"vector": [0, 0, 0]
						},
						"3.75": {
							"vector": [22.5, 0, 0]
						},
						"4.0": {
							"vector": [0, 0, 0]
						}
					}
				},
				"leftleglower": {
					"rotation": {
						"0.0": {
							"vector": [0, 0, 0]
						},
						"0.25": {
							"vector": [22.5, 0, 0]
						},
						"0.5": {
							"vector": [0, 0, 0]
						},
						"0.75": {
							"vector": [-22.5, 0, 0]
						},
						"1.0": {
							"vector": [0, 0, 0]
						},
						"1.25": {
							"vector": [22.5, 0, 0]
						},
						"1.5": {
							"vector": [0, 0, 0]
						},
						"1.75": {
							"vector": [-22.5, 0, 0]
						},
						"2.0": {
							"vector": [0, 0, 0]
						},
						"2.25": {
							"vector": [22.5, 0, 0]
						},
						"2.5": {
							"vector": [0, 0, 0]
						},
						"2.75": {
							"vector": [-22.5, 0, 0]
						},
						"3.0": {
							"vector": [0, 0, 0]
						},
						"3.25": {
							"vector": [22.5, 0, 0]
						},
						"3.5": {
							"vector": [0, 0, 0]
						},
						"3.75": {
							"vector": [-22.5, 0, 0]
						},
						"4.0": {
							"vector": [0, 0, 0]
						}
					}
				},
				"rightlegupper": {
					"rotation": {
						"0.0": {
							"vector": [0, 0, 0]
						},
						"0.25": {
							"vector": [-22.5, 0, 0]
						},
						"0.5": {
							"vector": [0, 0, 0]
						},
						"0.75": {
							"vector": [22.5, 0, 0]
						},
						"1.0": {
							"vector": [0, 0, 0]
						},
						"1.25": {
							"vector": [-22.5, 0, 0]
						},
						"1.5": {
							"vector": [0, 0, 0]
						},
						"1.75": {
							"vector": [22.5, 0, 0]
						},
						"2.0": {
							"vector": [0, 0, 0]
						},
						"2.25": {
							"vector": [-22.5, 0, 0]
						},
						"2.5": {
							"vector": [0, 0, 0]
						},
						"2.75": {
							"vector": [22.5, 0, 0]
						},
						"3.0": {
							"vector": [0, 0, 0]
						},
						"3.25": {
							"vector": [-22.5, 0, 0]
						},
						"3.5": {
							"vector": [0, 0, 0]
						},
						"3.75": {
							"vector": [22.5, 0, 0]
						},
						"4.0": {
							"vector": [0, 0, 0]
						}
					},
					"position": {
						"0.0": {
							"vector": [0, 0, 0]
						},
						"1.5": {
							"vector": [0, 0, 0]
						}
					}
				},
				"leftlegupper": {
					"rotation": {
						"0.0": {
							"vector": [0, 0, 0]
						},
						"0.25": {
							"vector": [22.5, 0, 0],
							"easing": "linear"
						},
						"0.5": {
							"vector": [0, 0, 0]
						},
						"0.75": {
							"vector": [-22.5, 0, 0]
						},
						"1.0": {
							"vector": [0, 0, 0]
						},
						"1.25": {
							"vector": [22.5, 0, 0]
						},
						"1.5": {
							"vector": [0, 0, 0]
						},
						"1.75": {
							"vector": [-22.5, 0, 0]
						},
						"2.0": {
							"vector": [0, 0, 0]
						},
						"2.25": {
							"vector": [22.5, 0, 0]
						},
						"2.5": {
							"vector": [0, 0, 0]
						},
						"2.75": {
							"vector": [-22.5, 0, 0]
						},
						"3.0": {
							"vector": [0, 0, 0]
						},
						"3.25": {
							"vector": [22.5, 0, 0]
						},
						"3.5": {
							"vector": [0, 0, 0]
						},
						"3.75": {
							"vector": [-22.5, 0, 0]
						},
						"4.0": {
							"vector": [0, 0, 0]
						}
					}
				},
				"body": {
					"rotation": {
						"vector": [0, 0, 0]
					}
				},
				"leftarmupper": {
					"rotation": {
						"0.0": {
							"vector": [0, 0, 0]
						},
						"1.0": {
							"vector": [-42.5, 0, 0]
						},
						"2.0": {
							"vector": [0, 0, 0]
						},
						"3.0": {
							"vector": [42.5, 0, 0]
						},
						"4.0": {
							"vector": [0, 0, 0]
						}
					}
				},
				"rightarmupper": {
					"rotation": {
						"0.0": {
							"vector": [0, 0, 0]
						},
						"1.0": {
							"vector": [42.5, 0, 0]
						},
						"2.0": {
							"vector": [0, 0, 0]
						},
						"3.0": {
							"vector": [-42.5, 0, 0]
						},
						"4.0": {
							"vector": [0, 0, 0]
						}
					}
				},
				"leftarmlower": {
					"rotation": {
						"0.0": {
							"vector": [0, 0, 0]
						},
						"1.0": {
							"vector": [-42.5, 0, 0]
						},
						"2.0": {
							"vector": [0, 0, 0]
						},
						"3.0": {
							"vector": [42.5, 0, 0]
						},
						"4.0": {
							"vector": [0, 0, 0]
						}
					}
				},
				"rightarmlower": {
					"rotation": {
						"0.0": {
							"vector": [0, 0, 0]
						},
						"1.0": {
							"vector": [42.5, 0, 0]
						},
						"2.0": {
							"vector": [0, 0, 0]
						},
						"3.0": {
							"vector": [-42.5, 0, 0]
						},
						"4.0": {
							"vector": [0, 0, 0]
						}
					}
				},
				"spikedhammer": {
					"rotation": {
						"0.0": {
							"vector": [0, 0, 0]
						},
						"1.0": {
							"vector": [-42.5, 0, 0]
						},
						"2.0": {
							"vector": [0, 0, 0]
						},
						"3.0": {
							"vector": [42.5, 0, 0]
						},
						"4.0": {
							"vector": [0, 0, 0]
						}
					}
				}
			}
		},
		"animation.keeperofthedeep.attack": {
			"animation_length": 2.5417,
			"bones": {
				"head": {
					"rotation": {
						"0.0": {
							"vector": [0, 0, 0]
						},
						"0.8333": {
							"vector": [12.5, 0, 0],
							"easing": "easeInOutSine"
						},
						"2.1667": {
							"vector": [0, 0, 0]
						}
					}
				},
				"leftarmupper": {
					"rotation": {
						"0.0": {
							"vector": [0, 0, 0]
						},
						"0.5": {
							"vector": [-140, 0, 0]
						},
						"1.5": {
							"vector": [-23.307, 9.3073, 20.5764],
							"easing": "easeOutExpo"
						},
						"2.2083": {
							"vector": [0, 0, 0]
						}
					}
				},
				"rightarmupper": {
					"rotation": {
						"0.0": {
							"vector": [0, 0, 0]
						},
						"0.5": {
							"vector": [-140, 0, 0]
						},
						"1.4583": {
							"vector": [-23.307, -9.3073, -23.307],
							"easing": "easeOutExpo"
						},
						"2.2083": {
							"vector": [0, 0, 0]
						}
					}
				},
				"leftarmlower": {
					"rotation": {
						"0.0": {
							"vector": [0, 0, 0]
						},
						"0.5": {
							"vector": [-140, 0, 0]
						},
						"1.5": {
							"vector": [-23.30696, 9.30727, 20.57639],
							"easing": "easeOutExpo"
						},
						"2.25": {
							"vector": [0, 0, 0]
						}
					}
				},
				"rightarmlower": {
					"rotation": {
						"0.0": {
							"vector": [0, 0, 0]
						},
						"0.5": {
							"vector": [-140, 0, 0]
						},
						"1.4583": {
							"vector": [-23.307, -9.3073, -23.307],
							"easing": "easeOutExpo"
						},
						"2.2083": {
							"vector": [0, 0, 0]
						}
					}
				},
				"spikedhammer": {
					"rotation": {
						"0.0": {
							"vector": [0, 0, 0]
						},
						"0.5": {
							"vector": [-140, 0, 0]
						},
						"1.5": {
							"vector": [-23.307, 9.3073, 20.5764],
							"easing": "easeOutExpo"
						},
						"2.1667": {
							"vector": [0, 0, 0]
						}
					}
				}
			}
		},
		"animation.keeperofthedeep.attack2": {
			"animation_length": 1.4167,
			"bones": {
				"leftarmupper": {
					"rotation": {
						"0.2917": {
							"vector": [0, 0, 0]
						},
						"0.7083": {
							"vector": [-52.5, 32.5, 0],
							"easing": "easeInOutExpo"
						},
						"1.0": {
							"vector": [0, 0, 0],
							"easing": "easeInOutSine"
						}
					}
				},
				"rightarmupper": {
					"rotation": {
						"0.0": {
							"vector": [0, 0, 0]
						},
						"0.5": {
							"vector": [-52.5, -32.5, 0],
							"easing": "easeInOutExpo"
						},
						"0.8333": {
							"vector": [0, 0, 0],
							"easing": "easeInOutSine"
						}
					}
				},
				"leftarmlower": {
					"rotation": {
						"0.2917": {
							"vector": [0, 0, 0]
						},
						"0.7083": {
							"vector": [-52.5, 32.5, 0],
							"easing": "easeInOutExpo"
						},
						"1.0417": {
							"vector": [0, 0, 0],
							"easing": "easeInOutSine"
						}
					}
				},
				"rightarmlower": {
					"rotation": {
						"0.0": {
							"vector": [0, 0, 0]
						},
						"0.5": {
							"vector": [-52.5, -32.5, 0],
							"easing": "easeInOutExpo"
						},
						"0.8333": {
							"vector": [0, 0, 0],
							"easing": "easeInOutSine"
						}
					}
				},
				"spikedhammer": {
					"rotation": {
						"0.2917": {
							"vector": [0, 0, 0]
						},
						"0.75": {
							"vector": [-52.5, 32.5, 0],
							"easing": "easeInOutExpo"
						},
						"1.0833": {
							"vector": [0, 0, 0],
							"easing": "easeInOutSine"
						}
					}
				}
			}
		}
	},
	"geckolib_format_version": 2
}