{
	"format_version": "1.8.0",
	"animations": {
		"0": {
			"loop": true,
			"animation_length": 4.5417,
			"bones": {
				"orb": {
					"rotation": {
						"0.0": {
							"vector": [0, 0, 0]
						},
						"1.1667": {
							"vector": [90, 0, 90]
						},
						"2.3333": {
							"vector": [180, 0, 180]
						},
						"3.375": {
							"vector": [270, 0, 270]
						},
						"4.5": {
							"vector": [360, 0, 360]
						}
					},
					"position": {
						"vector": [0, 0, 0]
					},
					"scale": {
						"0.0": {
							"vector": [1, 1, 1]
						},
						"1.1667": {
							"vector": [1.25, 1.25, 1.25]
						},
						"2.3333": {
							"vector": [0.65, 0.65, 0.65]
						},
						"3.375": {
							"vector": [1, 1, 1]
						}
					}
				}
			}
		}
	},
	"geckolib_format_version": 2
}