{
  "display": {
    "icon": {
      "item": "pickaxepalooza:raw_zircon_soup"
    },
    "title": {
      "translate": "advancements.soup_of_gloom.title"
    },
    "description": {
      "translate": "advancements.soup_of_gloom.descr"
    },
    "frame": "goal",
    "show_toast": true,
    "announce_to_chat": true,
    "hidden": true
  },
  "criteria": {
    "soup_of_gloom_0": {
      "trigger": "minecraft:consume_item",
      "conditions": {
        "item": {
          "items": [
            "pickaxepalooza:raw_zircon_soup"
          ]
        }
      }
    }
  },
  "parent": "pickaxepalooza:outcasted"
}