{
  "display": {
    "icon": {
      "item": "pickaxepalooza:harbinger_ascend"
    },
    "title": {
      "translate": "advancements.key_connoisseur.title"
    },
    "description": {
      "translate": "advancements.key_connoisseur.descr"
    },
    "frame": "challenge",
    "show_toast": true,
    "announce_to_chat": true,
    "hidden": true
  },
  "criteria": {
    "key_connoisseur_0": {
      "trigger": "minecraft:inventory_changed",
      "conditions": {
        "items": [
          {
            "items": [
              "pickaxepalooza:harbinger_ascend"
            ],
            "count": {
              "min": 1,
              "max": 1
            }
          }
        ]
      }
    }
  },
  "rewards": {
    "experience": 10
  },
  "parent": "pickaxepalooza:crafttheharbinger"
}