{
  "_fv": 60,
  "_type": "enchantment",
  "definition": {
    "name": "Amplify",
    "type": "ARMOR_FEET",
    "rarity": "RARE",
    "minLevel": 1,
    "maxLevel": 3,
    "damageModifier": 0,
    "compatibleEnchantments": [
      {
        "value": "FEATHER_FALLING"
      },
      {
        "value": "THORNS"
      }
    ],
    "excludeEnchantments": true,
    "compatibleItems": [],
    "excludeItems": false,
    "isTreasureEnchantment": false,
    "isCurse": false,
    "isAllowedOnBooks": false,
    "canGenerateInLootTables": false,
    "canVillagerTrade": false
  }
}