{
  "_fv": 60,
  "_type": "procedure",
  "definition": {
    "procedurexml": "<xml xmlns=\"https://developers.google.com/blockly/xml\"><block type=\"event_trigger\" deletable=\"false\" x=\"40\" y=\"40\"><field name=\"trigger\">no_ext_trigger</field><next><block type=\"controls_if\"><value name=\"IF0\"><block type=\"logic_binary_ops\" inline=\"false\"><field name=\"OP\">AND</field><value name=\"A\"><block type=\"math_binary_ops\"><field name=\"OP\">GTE</field><value name=\"A\"><block type=\"gui_get_amount_inslot\"><value name=\"slotid\"><block type=\"math_number\"><field name=\"NUM\">4</field></block></value><value name=\"entity\"><block type=\"entity_from_deps\"></block></value></block></value><value name=\"B\"><block type=\"math_number\"><field name=\"NUM\">1</field></block></value></block></value><value name=\"B\"><block type=\"logic_binary_ops\" inline=\"false\"><field name=\"OP\">AND</field><value name=\"A\"><block type=\"math_binary_ops\"><field name=\"OP\">GTE</field><value name=\"A\"><block type=\"gui_get_amount_inslot\"><value name=\"slotid\"><block type=\"math_number\"><field name=\"NUM\">5</field></block></value><value name=\"entity\"><block type=\"entity_from_deps\"></block></value></block></value><value name=\"B\"><block type=\"math_number\"><field name=\"NUM\">2</field></block></value></block></value><value name=\"B\"><block type=\"logic_negate\"><value name=\"BOOL\"><block type=\"compare_dimensionids\"><value name=\"a\"><block type=\"entity_dimension_id\"><value name=\"entity\"><block type=\"entity_from_deps\"></block></value></block></value><value name=\"b\"><block type=\"get_dimensionid\"><field name=\"dimension\">End</field></block></value></block></value></block></value></block></value></block></value><statement name=\"DO0\"><block type=\"entity_switch_dimension\"><field name=\"dimension\">End</field><value name=\"entity\"><block type=\"entity_from_deps\"></block></value><next><block type=\"gui_remove_items\"><value name=\"amount\"><block type=\"math_number\"><field name=\"NUM\">1</field></block></value><value name=\"slotid\"><block type=\"math_number\"><field name=\"NUM\">4</field></block></value><value name=\"entity\"><block type=\"entity_from_deps\"></block></value><next><block type=\"gui_remove_items\"><value name=\"amount\"><block type=\"math_number\"><field name=\"NUM\">2</field></block></value><value name=\"slotid\"><block type=\"math_number\"><field name=\"NUM\">5</field></block></value><value name=\"entity\"><block type=\"entity_from_deps\"></block></value><next><block type=\"item_damage\"><value name=\"amount\"><block type=\"math_number\"><field name=\"NUM\">1</field></block></value><value name=\"item\"><block type=\"entity_iteminhand\"><value name=\"entity\"><block type=\"entity_from_deps\"></block></value></block></value></block></next></block></next></block></next></block></statement><next><block type=\"controls_if\"><value name=\"IF0\"><block type=\"compare_dimensionids\"><value name=\"a\"><block type=\"entity_dimension_id\"><value name=\"entity\"><block type=\"entity_from_deps\"></block></value></block></value><value name=\"b\"><block type=\"get_dimensionid\"><field name=\"dimension\">End</field></block></value></block></value><statement name=\"DO0\"><block type=\"execute_command\"><value name=\"command\"><block type=\"text\"><field name=\"TEXT\">tellraw @s {\"text\":\"Already in selected dimension type\",\"bold\":true,\"color\":\"yellow\"}</field></block></value><value name=\"x\"><block type=\"coord_x\"></block></value><value name=\"y\"><block type=\"coord_y\"></block></value><value name=\"z\"><block type=\"coord_z\"></block></value></block></statement></block></next></block></next></block></xml>"
  }
}