{
  "_fv": 60,
  "_type": "gui",
  "definition": {
    "type": 1,
    "width": 176,
    "height": 148,
    "inventoryOffsetX": 0,
    "inventoryOffsetY": -12,
    "renderBgLayer": true,
    "doesPauseGame": false,
    "components": [
      {
        "type": "inputslot",
        "data": {
          "inputLimit": {
            "value": "TAG:minecraft:arrows"
          },
          "disablePlacement": {
            "fixedValue": false
          },
          "id": 0,
          "disablePickup": {
            "fixedValue": false
          },
          "dropItemsWhenNotBound": false,
          "x": 133,
          "y": 75
        }
      },
      {
        "type": "inputslot",
        "data": {
          "inputLimit": {
            "value": "TAG:minecraft:arrows"
          },
          "disablePlacement": {
            "fixedValue": false
          },
          "id": 1,
          "disablePickup": {
            "fixedValue": false
          },
          "dropItemsWhenNotBound": false,
          "x": 151,
          "y": 75
        }
      },
      {
        "type": "inputslot",
        "data": {
          "inputLimit": {
            "value": "TAG:minecraft:arrows"
          },
          "disablePlacement": {
            "fixedValue": false
          },
          "id": 2,
          "disablePickup": {
            "fixedValue": false
          },
          "dropItemsWhenNotBound": false,
          "x": 169,
          "y": 75
        }
      },
      {
        "type": "inputslot",
        "data": {
          "inputLimit": {
            "value": "TAG:minecraft:arrows"
          },
          "disablePlacement": {
            "fixedValue": false
          },
          "id": 3,
          "disablePickup": {
            "fixedValue": false
          },
          "dropItemsWhenNotBound": false,
          "x": 187,
          "y": 75
        }
      },
      {
        "type": "inputslot",
        "data": {
          "inputLimit": {
            "value": "TAG:minecraft:arrows"
          },
          "disablePlacement": {
            "fixedValue": false
          },
          "id": 4,
          "disablePickup": {
            "fixedValue": false
          },
          "dropItemsWhenNotBound": false,
          "x": 205,
          "y": 75
        }
      },
      {
        "type": "inputslot",
        "data": {
          "inputLimit": {
            "value": "TAG:minecraft:arrows"
          },
          "disablePlacement": {
            "fixedValue": false
          },
          "id": 5,
          "disablePickup": {
            "fixedValue": false
          },
          "dropItemsWhenNotBound": false,
          "x": 223,
          "y": 75
        }
      },
      {
        "type": "inputslot",
        "data": {
          "inputLimit": {
            "value": "TAG:minecraft:arrows"
          },
          "disablePlacement": {
            "fixedValue": false
          },
          "id": 6,
          "disablePickup": {
            "fixedValue": false
          },
          "dropItemsWhenNotBound": false,
          "x": 241,
          "y": 75
        }
      },
      {
        "type": "inputslot",
        "data": {
          "inputLimit": {
            "value": "TAG:minecraft:arrows"
          },
          "disablePlacement": {
            "fixedValue": false
          },
          "id": 7,
          "disablePickup": {
            "fixedValue": false
          },
          "dropItemsWhenNotBound": false,
          "x": 259,
          "y": 75
        }
      },
      {
        "type": "inputslot",
        "data": {
          "inputLimit": {
            "value": "TAG:minecraft:arrows"
          },
          "disablePlacement": {
            "fixedValue": false
          },
          "id": 8,
          "disablePickup": {
            "fixedValue": false
          },
          "dropItemsWhenNotBound": false,
          "x": 277,
          "y": 75
        }
      },
      {
        "type": "label",
        "data": {
          "name": "label_glimmering_quiver",
          "text": {
            "fixedValue": "Glimmering Quiver"
          },
          "color": {
            "value": -12829636,
            "falpha": 0.0
          },
          "x": 134,
          "y": 58
        }
      },
      {
        "type": "image",
        "data": {
          "image": "thundering_quiver_flat.png",
          "use1Xscale": false,
          "x": 227,
          "y": 55
        }
      }
    ],
    "gridSettings": {
      "sx": 18,
      "sy": 18,
      "ox": 11,
      "oy": 15,
      "snapOnGrid": false
    }
  }
}