{
  "_fv": 60,
  "_type": "gui",
  "definition": {
    "type": 1,
    "width": 176,
    "height": 166,
    "inventoryOffsetX": 0,
    "inventoryOffsetY": 0,
    "renderBgLayer": true,
    "doesPauseGame": false,
    "components": [
      {
        "type": "inputslot",
        "data": {
          "inputLimit": {
            "value": ""
          },
          "disablePlacement": {
            "fixedValue": false
          },
          "id": 0,
          "disablePickup": {
            "fixedValue": false
          },
          "dropItemsWhenNotBound": true,
          "x": 151,
          "y": 75
        }
      },
      {
        "type": "inputslot",
        "data": {
          "inputLimit": {
            "value": ""
          },
          "disablePlacement": {
            "fixedValue": false
          },
          "id": 1,
          "disablePickup": {
            "fixedValue": false
          },
          "dropItemsWhenNotBound": true,
          "x": 205,
          "y": 75
        }
      },
      {
        "type": "image",
        "data": {
          "image": "mantlekilnmagicwand.png",
          "use1Xscale": true,
          "x": 139,
          "y": 42
        }
      },
      {
        "type": "label",
        "data": {
          "name": "label_inventory",
          "text": {
            "fixedValue": "Inventory"
          },
          "color": {
            "value": -12829636,
            "falpha": 0.0
          },
          "x": 134,
          "y": 106
        }
      },
      {
        "type": "label",
        "data": {
          "name": "label_combine_forge",
          "text": {
            "fixedValue": "Combine & Forge"
          },
          "color": {
            "value": -12829636,
            "falpha": 0.0
          },
          "x": 199,
          "y": 50
        }
      },
      {
        "type": "image",
        "data": {
          "image": "plussign.png",
          "use1Xscale": false,
          "x": 171,
          "y": 68
        }
      },
      {
        "type": "image",
        "data": {
          "image": "arrowgui.png",
          "use1Xscale": false,
          "x": 226,
          "y": 68
        }
      },
      {
        "type": "button",
        "data": {
          "name": "button_merge",
          "text": "Merge",
          "isUndecorated": false,
          "onClick": {
            "name": "Mergebuttonkiln"
          },
          "width": 51,
          "height": 20,
          "x": 216,
          "y": 96
        }
      },
      {
        "type": "outputslot",
        "data": {
          "id": 2,
          "disablePickup": {
            "fixedValue": false
          },
          "dropItemsWhenNotBound": true,
          "x": 264,
          "y": 75
        }
      }
    ],
    "gridSettings": {
      "sx": 18,
      "sy": 18,
      "ox": 11,
      "oy": 15,
      "snapOnGrid": false
    }
  }
}