{
  "_fv": 60,
  "_type": "recipe",
  "definition": {
    "recipeType": "Smithing",
    "recipeRetstackSize": 1,
    "group": "",
    "cookingBookCategory": "MISC",
    "xpReward": 0.0,
    "cookingTime": 200,
    "craftingBookCategory": "MISC",
    "recipeShapeless": false,
    "smithingInputStack": {
      "value": "CUSTOM:OpalBlock"
    },
    "smithingInputAdditionStack": {
      "value": "Items.ENDER_EYE"
    },
    "smithingInputTemplateStack": {
      "value": "Items.IRON_SWORD"
    },
    "smithingReturnStack": {
      "value": "CUSTOM:MightoftheLight"
    },
    "name": "mightlightrecipe",
    "namespace": "mod"
  }
}