{
  "_fv": 60,
  "_type": "enchantment",
  "definition": {
    "name": "Pure Heart",
    "type": "ARMOR_CHEST",
    "rarity": "VERY_RARE",
    "minLevel": 1,
    "maxLevel": 3,
    "damageModifier": 1,
    "compatibleEnchantments": [],
    "excludeEnchantments": true,
    "compatibleItems": [
      {
        "value": "Items.ELYTRA"
      }
    ],
    "excludeItems": false,
    "isTreasureEnchantment": false,
    "isCurse": false,
    "isAllowedOnBooks": false,
    "canGenerateInLootTables": false,
    "canVillagerTrade": false
  }
}