{
  "_fv": 60,
  "_type": "enchantment",
  "definition": {
    "name": "Spine",
    "type": "CROSSBOW",
    "rarity": "RARE",
    "minLevel": 1,
    "maxLevel": 5,
    "damageModifier": 0,
    "compatibleEnchantments": [
      {
        "value": "PIERCING"
      },
      {
        "value": "MULTISHOT"
      }
    ],
    "excludeEnchantments": true,
    "compatibleItems": [],
    "excludeItems": false,
    "isTreasureEnchantment": false,
    "isCurse": false,
    "isAllowedOnBooks": false,
    "canGenerateInLootTables": false,
    "canVillagerTrade": false
  }
}