{
  "_fv": 60,
  "_type": "gui",
  "definition": {
    "type": 1,
    "width": 176,
    "height": 228,
    "inventoryOffsetX": 0,
    "inventoryOffsetY": 29,
    "renderBgLayer": true,
    "doesPauseGame": false,
    "components": [
      {
        "type": "inputslot",
        "data": {
          "inputLimit": {
            "value": "Blocks.DIAMOND_BLOCK"
          },
          "disablePlacement": {
            "fixedValue": false
          },
          "id": 0,
          "disablePickup": {
            "fixedValue": false
          },
          "dropItemsWhenNotBound": false,
          "x": 205,
          "y": 21
        }
      },
      {
        "type": "inputslot",
        "data": {
          "inputLimit": {
            "value": "Items.IRON_INGOT"
          },
          "disablePlacement": {
            "fixedValue": false
          },
          "id": 1,
          "disablePickup": {
            "fixedValue": false
          },
          "dropItemsWhenNotBound": false,
          "x": 205,
          "y": 39
        }
      },
      {
        "type": "inputslot",
        "data": {
          "inputLimit": {
            "value": "Blocks.GOLD_BLOCK"
          },
          "disablePlacement": {
            "fixedValue": false
          },
          "id": 2,
          "disablePickup": {
            "fixedValue": false
          },
          "dropItemsWhenNotBound": false,
          "x": 205,
          "y": 64
        }
      },
      {
        "type": "inputslot",
        "data": {
          "inputLimit": {
            "value": "Items.QUARTZ"
          },
          "disablePlacement": {
            "fixedValue": false
          },
          "id": 3,
          "disablePickup": {
            "fixedValue": false
          },
          "dropItemsWhenNotBound": false,
          "x": 205,
          "y": 82
        }
      },
      {
        "type": "inputslot",
        "data": {
          "inputLimit": {
            "value": "Items.ENDER_EYE"
          },
          "disablePlacement": {
            "fixedValue": false
          },
          "id": 4,
          "disablePickup": {
            "fixedValue": false
          },
          "dropItemsWhenNotBound": false,
          "x": 205,
          "y": 107
        }
      },
      {
        "type": "inputslot",
        "data": {
          "inputLimit": {
            "value": "Items.SHULKER_SHELL"
          },
          "disablePlacement": {
            "fixedValue": false
          },
          "id": 5,
          "disablePickup": {
            "fixedValue": false
          },
          "dropItemsWhenNotBound": false,
          "x": 205,
          "y": 125
        }
      },
      {
        "type": "button",
        "data": {
          "name": "button_surface",
          "text": "To: Surface",
          "isUndecorated": false,
          "onClick": {
            "name": "SurfaceButtonClicked"
          },
          "width": 61,
          "height": 20,
          "x": 233,
          "y": 30
        }
      },
      {
        "type": "button",
        "data": {
          "name": "button_nether",
          "text": "To: Nether",
          "isUndecorated": false,
          "onClick": {
            "name": "NetherButtonClicked"
          },
          "width": 56,
          "height": 20,
          "x": 239,
          "y": 72
        }
      },
      {
        "type": "button",
        "data": {
          "name": "button_the_end",
          "text": "To: The End",
          "isUndecorated": false,
          "onClick": {
            "name": "EndButtonClicked"
          },
          "width": 61,
          "height": 20,
          "x": 234,
          "y": 115
        }
      },
      {
        "type": "label",
        "data": {
          "name": "label_diamond_block",
          "text": {
            "fixedValue": "Diamond Block"
          },
          "color": {
            "value": -12829636,
            "falpha": 0.0
          },
          "x": 134,
          "y": 25
        }
      },
      {
        "type": "label",
        "data": {
          "name": "label_32_iron_ingots",
          "text": {
            "fixedValue": "32 Iron Ingots"
          },
          "color": {
            "value": -12829636,
            "falpha": 0.0
          },
          "x": 131,
          "y": 43
        }
      },
      {
        "type": "label",
        "data": {
          "name": "label_gold_block",
          "text": {
            "fixedValue": "Gold Block"
          },
          "color": {
            "value": -12829636,
            "falpha": 0.0
          },
          "x": 141,
          "y": 70
        }
      },
      {
        "type": "label",
        "data": {
          "name": "label_32_quartz",
          "text": {
            "fixedValue": "32 Quartz"
          },
          "color": {
            "value": -12829636,
            "falpha": 0.0
          },
          "x": 143,
          "y": 86
        }
      },
      {
        "type": "label",
        "data": {
          "name": "label_ender_eye",
          "text": {
            "fixedValue": "Ender Eye"
          },
          "color": {
            "value": -12829636,
            "falpha": 0.0
          },
          "x": 145,
          "y": 110
        }
      },
      {
        "type": "label",
        "data": {
          "name": "label_2_shulker_shells",
          "text": {
            "fixedValue": "2 Shulker"
          },
          "color": {
            "value": -12829636,
            "falpha": 0.0
          },
          "x": 147,
          "y": 123
        }
      },
      {
        "type": "label",
        "data": {
          "name": "label_shells",
          "text": {
            "fixedValue": "Shells"
          },
          "color": {
            "value": -12829636,
            "falpha": 0.0
          },
          "x": 155,
          "y": 132
        }
      },
      {
        "type": "label",
        "data": {
          "name": "label_tome_of_time",
          "text": {
            "fixedValue": "Tome of Time"
          },
          "color": {
            "value": -12829636,
            "falpha": 0.0
          },
          "x": 131,
          "y": 11
        }
      }
    ],
    "gridSettings": {
      "sx": 18,
      "sy": 18,
      "ox": 11,
      "oy": 15,
      "snapOnGrid": false
    }
  }
}