{
  "_fv": 60,
  "_type": "item",
  "definition": {
    "renderType": 0,
    "texture": "updraft_tome_flat",
    "customModelName": "Normal",
    "customProperties": {},
    "states": [],
    "name": "Tome Of Time",
    "rarity": "EPIC",
    "creativeTab": {
      "value": "CUSTOM:MiningMadness"
    },
    "stackSize": 1,
    "enchantability": 0,
    "useDuration": 0,
    "toolType": 1.0,
    "damageCount": 75,
    "recipeRemainder": {
      "value": ""
    },
    "destroyAnyBlock": false,
    "immuneToFire": true,
    "stayInGridWhenCrafting": false,
    "damageOnCrafting": false,
    "enableMeleeDamage": false,
    "damageVsEntity": 0.0,
    "specialInformation": {
      "fixedValue": [
        "Be wary of the y-coordinate you are at when transporting..."
      ]
    },
    "glowCondition": {
      "fixedValue": true
    },
    "guiBoundTo": "TomeoftimeGui",
    "inventorySize": 6,
    "inventoryStackSize": 64,
    "enableRanged": false,
    "shootConstantly": false,
    "projectile": {
      "value": "Arrow"
    },
    "isFood": false,
    "nutritionalValue": 4,
    "saturation": 0.3,
    "eatResultItem": {
      "value": ""
    },
    "isMeat": false,
    "isAlwaysEdible": false,
    "animation": "none"
  }
}