{
  "type": "minecraft:ore",
  "config": {
    "size": 9,
    "discard_chance_on_air_exposure": 0,
    "targets": [
      {
        "target": {
          "predicate_type": "tag_match",
          "tag": "stone_ore_replaceables"
        },
        "state": {
          "Name": "pickaxepalooza:ametrine_nether_ore"
        }
      },
      {
        "target": {
          "predicate_type": "blockstate_match",
          "block_state": {
            "Name": "minecraft:netherrack"
          }
        },
        "state": {
          "Name": "pickaxepalooza:ametrine_nether_ore"
        }
      },
      {
        "target": {
          "predicate_type": "blockstate_match",
          "block_state": {
            "Name": "minecraft:blackstone"
          }
        },
        "state": {
          "Name": "pickaxepalooza:ametrine_nether_ore"
        }
      }
    ]
  }
}