{
  "_fv": 60,
  "_type": "item",
  "definition": {
    "renderType": 0,
    "texture": "soul_healer_flat",
    "customModelName": "Normal",
    "customProperties": {},
    "states": [],
    "name": "Soul's Harbinger",
    "rarity": "EPIC",
    "creativeTab": {
      "value": "CUSTOM:MiningMadness"
    },
    "stackSize": 1,
    "enchantability": 0,
    "useDuration": 0,
    "toolType": 1.0,
    "damageCount": 0,
    "recipeRemainder": {
      "value": ""
    },
    "destroyAnyBlock": false,
    "immuneToFire": true,
    "stayInGridWhenCrafting": false,
    "damageOnCrafting": false,
    "enableMeleeDamage": false,
    "damageVsEntity": 0.0,
    "specialInformation": {
      "fixedValue": [
        "§l§fPassive: §rHold in the inventory to recieve",
        "immense resistance and protection",
        "§l§fRight Click: §rBoost entities around",
        " you with strength and speed"
      ]
    },
    "glowCondition": {
      "fixedValue": true
    },
    "guiBoundTo": "<NONE>",
    "inventorySize": 9,
    "inventoryStackSize": 64,
    "onRightClickedInAir": {
      "name": "HarbingerAscendRightclicked"
    },
    "onItemInInventoryTick": {
      "name": "HarbingerAscendItemInInventoryTick"
    },
    "enableRanged": false,
    "shootConstantly": false,
    "projectile": {
      "value": "Arrow"
    },
    "isFood": false,
    "nutritionalValue": 4,
    "saturation": 0.3,
    "eatResultItem": {
      "value": ""
    },
    "isMeat": false,
    "isAlwaysEdible": false,
    "animation": "none"
  }
}