{
  "_fv": 60,
  "_type": "gui",
  "definition": {
    "type": 1,
    "width": 176,
    "height": 166,
    "inventoryOffsetX": 0,
    "inventoryOffsetY": 0,
    "renderBgLayer": true,
    "doesPauseGame": false,
    "components": [
      {
        "type": "label",
        "data": {
          "name": "label_harbingers_gateway",
          "text": {
            "fixedValue": "Harbinger's Gateway"
          },
          "color": {
            "value": -12829636,
            "falpha": 0.0
          },
          "x": 165,
          "y": 48
        }
      },
      {
        "type": "inputslot",
        "data": {
          "inputLimit": {
            "value": "CUSTOM:GongofNullification"
          },
          "disablePlacement": {
            "fixedValue": false
          },
          "id": 0,
          "disablePickup": {
            "fixedValue": false
          },
          "dropItemsWhenNotBound": false,
          "x": 169,
          "y": 67
        }
      },
      {
        "type": "inputslot",
        "data": {
          "inputLimit": {
            "value": "CUSTOM:TotemOfShielding"
          },
          "disablePlacement": {
            "fixedValue": false
          },
          "id": 1,
          "disablePickup": {
            "fixedValue": false
          },
          "dropItemsWhenNotBound": false,
          "x": 169,
          "y": 92
        }
      },
      {
        "type": "inputslot",
        "data": {
          "inputLimit": {
            "value": "CUSTOM:ZirconBlock"
          },
          "disablePlacement": {
            "fixedValue": false
          },
          "id": 2,
          "disablePickup": {
            "fixedValue": false
          },
          "dropItemsWhenNotBound": false,
          "x": 205,
          "y": 80
        }
      },
      {
        "type": "label",
        "data": {
          "name": "label_gong",
          "text": {
            "fixedValue": "Gong"
          },
          "color": {
            "value": -12829636,
            "falpha": 0.0
          },
          "x": 138,
          "y": 71
        }
      },
      {
        "type": "label",
        "data": {
          "name": "label_shield_totem",
          "text": {
            "fixedValue": "Shield"
          },
          "color": {
            "value": -12829636,
            "falpha": 0.0
          },
          "x": 134,
          "y": 93
        }
      },
      {
        "type": "label",
        "data": {
          "name": "label_totem",
          "text": {
            "fixedValue": "Totem"
          },
          "color": {
            "value": -12829636,
            "falpha": 0.0
          },
          "x": 137,
          "y": 101
        }
      },
      {
        "type": "button",
        "data": {
          "name": "button_ascend",
          "text": "Ascend",
          "isUndecorated": false,
          "onClick": {
            "name": "CheckGuiSlotsHarbingerMerge"
          },
          "width": 56,
          "height": 20,
          "x": 235,
          "y": 78
        }
      },
      {
        "type": "label",
        "data": {
          "name": "label_zircon_block",
          "text": {
            "fixedValue": "Zircon"
          },
          "color": {
            "value": -12829636,
            "falpha": 0.0
          },
          "x": 199,
          "y": 99
        }
      },
      {
        "type": "label",
        "data": {
          "name": "label_block",
          "text": {
            "fixedValue": "Block"
          },
          "color": {
            "value": -12829636,
            "falpha": 0.0
          },
          "x": 201,
          "y": 108
        }
      }
    ],
    "gridSettings": {
      "sx": 18,
      "sy": 18,
      "ox": 11,
      "oy": 15,
      "snapOnGrid": false
    }
  }
}