{
  "_fv": 60,
  "_type": "tool",
  "definition": {
    "toolType": "Sword",
    "renderType": 0,
    "blockingRenderType": 0,
    "texture": "lightning_rod",
    "customModelName": "Normal",
    "blockingModelName": "Normal blocking",
    "name": "Might of the Light",
    "specialInformation": {
      "fixedValue": []
    },
    "creativeTab": {
      "value": "CUSTOM:MiningMadness"
    },
    "harvestLevel": 2,
    "efficiency": 4.0,
    "attackSpeed": 0.7000000000000001,
    "enchantability": 2,
    "damageVsEntity": 6.5,
    "usageCount": 750,
    "blocksAffected": [],
    "glowCondition": {
      "fixedValue": true
    },
    "repairItems": [
      {
        "value": "CUSTOM:Opal"
      }
    ],
    "immuneToFire": false,
    "stayInGridWhenCrafting": false,
    "damageOnCrafting": false,
    "onEntityHitWith": {
      "name": "MightoftheLightLivingEntityIsHitWithTool"
    }
  }
}