{
  "_fv": 60,
  "_type": "achievement",
  "definition": {
    "achievementName": "Seeing The Light",
    "achievementDescription": "Cast your ray on the enemies with the Might of the Light",
    "achievementIcon": {
      "value": "CUSTOM:MightoftheLight"
    },
    "background": "Default",
    "disableDisplay": false,
    "showPopup": true,
    "announceToChat": true,
    "hideIfNotCompleted": false,
    "rewardLoot": [],
    "rewardRecipes": [],
    "rewardFunction": "No function",
    "rewardXP": 0,
    "achievementType": "goal",
    "parent": {
      "value": "CUSTOM:ReachTheHeights"
    },
    "triggerxml": "<xml xmlns=\"https://developers.google.com/blockly/xml\"><block type=\"advancement_trigger\" deletable=\"false\" x=\"40\" y=\"80\"><next><block type=\"custom_trigger\"></block></next></block></xml>"
  }
}