{
  "_fv": 60,
  "_type": "achievement",
  "definition": {
    "achievementName": "Soup Of Gloom",
    "achievementDescription": "Ingest a metallic soup of iodite",
    "achievementIcon": {
      "value": "CUSTOM:RawZirconSoup"
    },
    "background": "Default",
    "disableDisplay": false,
    "showPopup": true,
    "announceToChat": true,
    "hideIfNotCompleted": false,
    "rewardLoot": [],
    "rewardRecipes": [],
    "rewardFunction": "No function",
    "rewardXP": 0,
    "achievementType": "goal",
    "parent": {
      "value": "CUSTOM:Outcasted"
    },
    "triggerxml": "<xml xmlns=\"https://developers.google.com/blockly/xml\"><block type=\"advancement_trigger\" deletable=\"false\" x=\"40\" y=\"80\"><next><block type=\"item_consumed\"><value name=\"item\"><block type=\"mcitem_all\"><field name=\"value\">CUSTOM:RawZirconSoup</field></block></value></block></next></block></xml>"
  }
}