{
  "credit": "Made with Blockbench",
  "parent": "barrentomb",
  "texture_size": [
    32,
    32
  ],
  "elements": [
    {
      "from": [
        8,
        -1,
        5
      ],
      "to": [
        9,
        15,
        11
      ],
      "rotation": {
        "angle": -22.5,
        "axis": "z",
        "origin": [
          16,
          0,
          0
        ]
      },
      "faces": {
        "north": {
          "uv": [
            9,
            5,
            9.5,
            13
          ],
          "texture": "#0"
        },
        "east": {
          "uv": [
            0,
            0,
            3,
            8
          ],
          "texture": "#0"
        },
        "south": {
          "uv": [
            9.5,
            5,
            10,
            13
          ],
          "texture": "#0"
        },
        "west": {
          "uv": [
            3,
            0,
            6,
            8
          ],
          "texture": "#0"
        },
        "up": {
          "uv": [
            11.5,
            7,
            11,
            4
          ],
          "texture": "#0"
        },
        "down": {
          "uv": [
            11.5,
            7,
            11,
            10
          ],
          "texture": "#0"
        }
      }
    },
    {
      "from": [
        7,
        -1,
        5
      ],
      "to": [
        8,
        15,
        11
      ],
      "rotation": {
        "angle": 22.5,
        "axis": "z",
        "origin": [
          0,
          0,
          0
        ]
      },
      "faces": {
        "north": {
          "uv": [
            10,
            5,
            10.5,
            13
          ],
          "texture": "#0"
        },
        "east": {
          "uv": [
            6,
            0,
            9,
            8
          ],
          "texture": "#0"
        },
        "south": {
          "uv": [
            10.5,
            5,
            11,
            13
          ],
          "texture": "#0"
        },
        "west": {
          "uv": [
            0,
            8,
            3,
            16
          ],
          "texture": "#0"
        },
        "up": {
          "uv": [
            11.5,
            13,
            11,
            10
          ],
          "texture": "#0"
        },
        "down": {
          "uv": [
            12,
            4,
            11.5,
            7
          ],
          "texture": "#0"
        }
      }
    },
    {
      "from": [
        6,
        0,
        6
      ],
      "to": [
        10,
        10,
        10
      ],
      "faces": {
        "north": {
          "uv": [
            3,
            8,
            5,
            13
          ],
          "texture": "#0"
        },
        "east": {
          "uv": [
            5,
            8,
            7,
            13
          ],
          "texture": "#0"
        },
        "south": {
          "uv": [
            7,
            8,
            9,
            13
          ],
          "texture": "#0"
        },
        "west": {
          "uv": [
            9,
            0,
            11,
            5
          ],
          "texture": "#0"
        },
        "up": {
          "uv": [
            13,
            2,
            11,
            0
          ],
          "texture": "#0"
        },
        "down": {
          "uv": [
            13,
            2,
            11,
            4
          ],
          "texture": "#0"
        }
      }
    },
    {
      "from": [
        7.5,
        10,
        7.6
      ],
      "to": [
        8.5,
        12,
        8.6
      ],
      "faces": {
        "north": {
          "uv": [
            11.5,
            7,
            12,
            8
          ],
          "texture": "#0"
        },
        "east": {
          "uv": [
            11.5,
            8,
            12,
            9
          ],
          "texture": "#0"
        },
        "south": {
          "uv": [
            11.5,
            9,
            12,
            10
          ],
          "texture": "#0"
        },
        "west": {
          "uv": [
            11.5,
            10,
            12,
            11
          ],
          "texture": "#0"
        },
        "up": {
          "uv": [
            12,
            11.5,
            11.5,
            11
          ],
          "texture": "#0"
        },
        "down": {
          "uv": [
            12,
            11.5,
            11.5,
            12
          ],
          "texture": "#0"
        }
      }
    }
  ]
}