{
  "parent": "block/cube",
  "textures": {
    "down": "pickaxepalooza:block/spinel_deepslate_ore_block",
    "up": "pickaxepalooza:block/spinel_deepslate_ore_block",
    "north": "pickaxepalooza:block/spinel_deepslate_ore_block",
    "east": "pickaxepalooza:block/spinel_deepslate_ore_block",
    "south": "pickaxepalooza:block/spinel_deepslate_ore_block",
    "west": "pickaxepalooza:block/spinel_deepslate_ore_block",
    "particle": "pickaxepalooza:block/spinel_deepslate_ore_block"
  },
  "render_type": "solid"
}