{
  "display": {
    "icon": {
      "item": "pickaxepalooza:gongof_nullification"
    },
    "title": {
      "translate": "advancements.break_the_silence.title"
    },
    "description": {
      "translate": "advancements.break_the_silence.descr"
    },
    "frame": "goal",
    "show_toast": true,
    "announce_to_chat": true,
    "hidden": true
  },
  "criteria": {
    "break_the_silence_0": {
      "trigger": "minecraft:inventory_changed",
      "conditions": {
        "items": [
          {
            "items": [
              "pickaxepalooza:gongof_nullification"
            ],
            "count": {
              "min": 1,
              "max": 1
            }
          }
        ]
      }
    }
  },
  "parent": "pickaxepalooza:soul_soup"
}