{
  "display": {
    "icon": {
      "item": "pickaxepalooza:zircon"
    },
    "title": {
      "translate": "advancements.from_the_depths.title"
    },
    "description": {
      "translate": "advancements.from_the_depths.descr"
    },
    "frame": "task",
    "show_toast": true,
    "announce_to_chat": true,
    "hidden": false
  },
  "criteria": {
    "from_the_depths_0": {
      "trigger": "minecraft:inventory_changed",
      "conditions": {
        "items": [
          {
            "items": [
              "pickaxepalooza:zircon"
            ],
            "count": {
              "min": 1,
              "max": 1
            }
          }
        ]
      }
    }
  },
  "parent": "pickaxepalooza:palooza"
}