{
	"format_version": "1.12.0",
	"minecraft:geometry": [
		{
			"description": {
				"identifier": "geometry.keeperofthedeep",
				"texture_width": 128,
				"texture_height": 128,
				"visible_bounds_width": 3,
				"visible_bounds_height": 4.5,
				"visible_bounds_offset": [0, 1.75, 0]
			},
			"bones": [
				{
					"name": "rightleglower",
					"pivot": [-5.5, 21.3258, 2.0243],
					"rotation": [0, 12.5, 0],
					"cubes": [
						{"origin": [-9.01816, 0, -3.33232], "size": [5, 4, 5], "uv": [71, 38]},
						{"origin": [-8.51816, 4, -2.33232], "size": [4, 6, 5], "uv": [16, 69]},
						{"origin": [-8.01816, 10, -1.33232], "size": [4, 6, 5], "uv": [66, 49]}
					]
				},
				{
					"name": "rightlegupper",
					"pivot": [-5.5, 21.32583, 2.02425],
					"rotation": [0, 0, 7.5],
					"cubes": [
						{"origin": [-7.5, 16, -1.5], "size": [4, 4, 5], "pivot": [-4.5, 16, -0.5], "rotation": [-12.5, 0, 0], "uv": [0, 76]},
						{"origin": [-7.5, 19.75, -0.5], "size": [4, 4, 5], "pivot": [-4.5, 19.75, 0.5], "rotation": [-22.5, 0, 0], "uv": [68, 74]}
					]
				},
				{
					"name": "leftleglower",
					"pivot": [5.5, 21.3258, 2.0243],
					"rotation": [0, -12.5, 0],
					"cubes": [
						{"origin": [4.26531, 0, -3.20146], "size": [5, 4, 5], "uv": [71, 11]},
						{"origin": [4.76531, 4, -2.20146], "size": [4, 6, 5], "uv": [37, 67]},
						{"origin": [4.26531, 10, -1.20146], "size": [4, 6, 5], "uv": [62, 0]}
					]
				},
				{
					"name": "leftlegupper",
					"pivot": [5.5, 21.32583, 2.02425],
					"rotation": [0, 0, -7.5],
					"cubes": [
						{"origin": [3.5, 16, -1.5], "size": [4, 4, 5], "pivot": [6.5, 16, -0.5], "rotation": [-12.5, 0, 0], "uv": [29, 78]},
						{"origin": [3.5, 19.75, -0.5], "size": [4, 4, 5], "pivot": [6.5, 19.75, 0.5], "rotation": [-22.5, 0, 0], "uv": [50, 74]}
					]
				},
				{
					"name": "body",
					"pivot": [0, 28.16667, 2.125],
					"cubes": [
						{"origin": [-7, 21, -2], "size": [14, 7, 8], "uv": [0, 30]},
						{"origin": [-8, 28, -2.25], "size": [16, 7, 8.75], "uv": [0, 15]},
						{"origin": [-8.25, 35, -2.75], "size": [16.5, 5, 10], "uv": [0, 0]}
					]
				},
				{
					"name": "head",
					"pivot": [0, 44.7, 1],
					"cubes": [
						{"origin": [-4.5, 40, -3.5], "size": [9, 9, 9], "uv": [35, 36]},
						{"origin": [-7.5, 43, -0.5], "size": [2, 5, 3], "uv": [80, 0]},
						{"origin": [5.5, 43, -0.5], "size": [2, 5, 3], "uv": [0, 0]},
						{"origin": [4.5, 43, -0.5], "size": [1, 2, 3], "uv": [0, 30]},
						{"origin": [-5.5, 43, -0.5], "size": [1, 2, 3], "uv": [0, 15]},
						{"origin": [-4, 40, -5], "size": [8, 2, 2], "uv": [42, 0]},
						{"origin": [2, 42, -5], "size": [2, 2, 2], "uv": [62, 38]},
						{"origin": [-4, 42, -5], "size": [2, 2, 2], "uv": [62, 11]},
						{"origin": [-4, 49, -3], "size": [2, 2, 2], "uv": [58, 54]},
						{"origin": [-4, 49, 2], "size": [2, 2, 2], "uv": [58, 24]},
						{"origin": [2, 49, 2], "size": [2, 2, 2], "uv": [58, 20]},
						{"origin": [2, 49, -3], "size": [2, 2, 2], "uv": [42, 4]}
					]
				},
				{
					"name": "leftarmupper",
					"pivot": [10.08686, 34.68859, 1.41886],
					"cubes": [
						{"origin": [9, 32, -1], "size": [6, 9, 6], "pivot": [14, 32, 0], "rotation": [0, 0, -27.5], "uv": [18, 54]},
						{"origin": [10, 25.75, -3], "size": [5, 7, 6], "pivot": [14, 25.75, -2], "rotation": [-15, 0, -10], "uv": [58, 61]}
					]
				},
				{
					"name": "leftarmlower",
					"pivot": [10.0869, 34.6886, 1.4189],
					"cubes": [
						{"origin": [10, 17, -9], "size": [5, 5, 9], "pivot": [11, 17, -8], "rotation": [25, 0, 0], "uv": [39, 21]},
						{"origin": [10, 22, -1.5], "size": [5, 4, 4], "pivot": [11, 22, -0.5], "rotation": [40, 0, 0], "uv": [79, 20]}
					]
				},
				{
					"name": "rightarmupper",
					"pivot": [-9.86088, 34.86209, 1.16886],
					"cubes": [
						{"origin": [-15, 25.75, -3.5], "size": [5, 7, 6], "pivot": [-14, 25.75, -2.5], "rotation": [-15, 0, 10], "uv": [42, 54]},
						{"origin": [-15, 30.5, -1], "size": [6, 9, 6], "pivot": [-10, 30.5, 0], "rotation": [0, 0, 27.5], "uv": [0, 45]}
					]
				},
				{
					"name": "rightarmlower",
					"pivot": [-9.8609, 34.8621, 1.1689],
					"cubes": [
						{"origin": [-15, 17, -9], "size": [5, 5, 9], "pivot": [-11, 17, -8], "rotation": [25, 0, 0], "uv": [43, 6]},
						{"origin": [-15, 22, -1.5], "size": [5, 4, 4], "pivot": [-11, 22, -0.5], "rotation": [40, 0, 0], "uv": [79, 28]}
					]
				},
				{
					"name": "spikedhammer",
					"pivot": [10.0869, 34.6886, 1.4189],
					"cubes": [
						{"origin": [10.5, 15, -9], "size": [4, 2, 4], "uv": [18, 45]},
						{"origin": [11, 17, -8.5], "size": [3, 15, 3], "uv": [67, 20]},
						{"origin": [10.5, 32, -9], "size": [4, 12, 4], "uv": [0, 60]},
						{"origin": [10.75, 44, -8.75], "size": [3.5, 1, 3.5], "uv": [36, 54]}
					]
				},
				{
					"name": "hammerteeth",
					"parent": "spikedhammer",
					"pivot": [12.5, 38, -7],
					"cubes": [
						{"origin": [11.5, 41, -11], "size": [2, 2, 2], "uv": [82, 58]},
						{"origin": [11.5, 37, -11], "size": [2, 2, 2], "uv": [81, 74]},
						{"origin": [11.5, 33, -11], "size": [2, 2, 2], "uv": [74, 60]},
						{"origin": [11.5, 37, -5], "size": [2, 2, 2], "uv": [80, 70]},
						{"origin": [11.5, 33, -5], "size": [2, 2, 2], "uv": [50, 67]},
						{"origin": [11.5, 41, -5], "size": [2, 2, 2], "uv": [80, 66]},
						{"origin": [14.5, 41, -8], "size": [2, 2, 2], "uv": [80, 62]},
						{"origin": [14.5, 37, -8], "size": [2, 2, 2], "uv": [18, 80]},
						{"origin": [14.5, 33, -8], "size": [2, 2, 2], "uv": [29, 69]},
						{"origin": [8.5, 37, -8], "size": [2, 2, 2], "uv": [79, 47]},
						{"origin": [8.5, 33, -8], "size": [2, 2, 2], "uv": [63, 74]},
						{"origin": [8.5, 41, -8], "size": [2, 2, 2], "uv": [42, 78]}
					]
				}
			]
		}
	]
}