{
	"format_version": "1.12.0",
	"minecraft:geometry": [
		{
			"description": {
				"identifier": "geometry.OrbofObscurity - Converted",
				"texture_width": 32,
				"texture_height": 32,
				"visible_bounds_width": 2,
				"visible_bounds_height": 2.5,
				"visible_bounds_offset": [0, 0.75, 0]
			},
			"bones": [
				{
					"name": "bone",
					"pivot": [8, 0, -8],
					"cubes": [
						{
							"origin": [-4, 0, -4],
							"size": [8, 2, 8],
							"uv": {
								"north": {"uv": [8, 15], "uv_size": [8, 2]},
								"east": {"uv": [0, 16], "uv_size": [8, 2]},
								"south": {"uv": [16, 15], "uv_size": [8, 2]},
								"west": {"uv": [8, 17], "uv_size": [8, 2]},
								"up": {"uv": [0, 0], "uv_size": [8, 8]},
								"down": {"uv": [0, 16], "uv_size": [8, -8]}
							}
						},
						{
							"origin": [-1.5, 2, -1.5],
							"size": [3, 2, 3],
							"uv": {
								"north": {"uv": [18, 0], "uv_size": [3, 2]},
								"east": {"uv": [18, 2], "uv_size": [3, 2]},
								"south": {"uv": [3, 18], "uv_size": [3, 2]},
								"west": {"uv": [18, 4], "uv_size": [3, 2]},
								"up": {"uv": [16, 17], "uv_size": [3, 3]},
								"down": {"uv": [0, 21], "uv_size": [3, -3]}
							}
						}
					]
				},
				{
					"name": "orb",
					"pivot": [0, 10, 0],
					"cubes": [
						{
							"origin": [-2.5, 7.5, -2.5],
							"size": [5, 5, 5],
							"uv": {
								"north": {"uv": [8, 0], "uv_size": [5, 5]},
								"east": {"uv": [8, 5], "uv_size": [5, 5]},
								"south": {"uv": [8, 10], "uv_size": [5, 5]},
								"west": {"uv": [13, 0], "uv_size": [5, 5]},
								"up": {"uv": [13, 5], "uv_size": [5, 5]},
								"down": {"uv": [13, 15], "uv_size": [5, -5]}
							}
						}
					]
				}
			]
		}
	]
}